Name	ManaCost	SuperType	Types	SubTypes	Text	Power	Toughness
Academy Ruins		Legendary	Land		{T}: Add {1} to your mana pool.|{1}{U}, {T}: Put target artifact card from your graveyard on top of your library.		
Æther Web	{1}{G}		Enchantment	Aura	Flash (You may cast this spell any time you could cast an instant.)|Enchant creature|Enchanted creature gets +1/+1, has reach, and can block creatures with shadow as though they didn't have shadow. (Creatures with reach can block creatures with flying.)		
Ætherflame Wall	{1}{R}		Creature	Wall	Defender|Ætherflame Wall can block creatures with shadow as though they didn't have shadow.|{R}: Ætherflame Wall gets +1/+0 until end of turn.	0	4
Amrou Scout	{1}{W}		Creature	Kithkin,Rebel,Scout	{4}, {T}: Search your library for a Rebel permanent card with converted mana cost 3 or less and put it onto the battlefield. Then shuffle your library.	2	1
Amrou Seekers	{2}{W}		Creature	Kithkin,Rebel	Amrou Seekers can't be blocked except by artifact creatures and/or white creatures.	2	2
Ancestral Vision			Sorcery		Suspend 4-{U} (Rather than cast this card from your hand, pay {U} and exile it with four time counters on it. At the beginning of your upkeep, remove a time counter. When the last is removed, cast it without paying its mana cost.)|Target player draws three cards.		
Ancient Grudge	{1}{R}		Instant		Destroy target artifact.|Flashback {G} (You may cast this card from your graveyard for its flashback cost. Then exile it.)		
Angel's Grace	{W}		Instant		Split second (As long as this spell is on the stack, players can't cast spells or activate abilities that aren't mana abilities.)|You can't lose the game this turn and your opponents can't win the game this turn. Until end of turn, damage that would reduce your life total to less than 1 reduces it to 1 instead.		
Ashcoat Bear	{1}{G}		Creature	Bear	Flash (You may cast this spell any time you could cast an instant.)	2	2
Aspect of Mongoose	{1}{G}		Enchantment	Aura	Enchant creature|Enchanted creature has shroud. (It can't be the target of spells or abilities.)|When Aspect of Mongoose is put into a graveyard from the battlefield, return Aspect of Mongoose to its owner's hand.		
Assassinate	{2}{B}		Sorcery		Destroy target tapped creature.		
Assembly-Worker	{3}		Artifact,Creature	Assembly-Worker	{T}: Target Assembly-Worker creature gets +1/+1 until end of turn.	2	2
Barbed Shocker	{3}{R}		Creature	Insect	Trample, haste|Whenever Barbed Shocker deals damage to a player, that player discards all the cards in his or her hand, then draws that many cards.	2	2
Basal Sliver	{2}{B}		Creature	Sliver	All Slivers have 'Sacrifice this permanent: Add {B}{B} to your mana pool.'	2	2
Basalt Gargoyle	{2}{R}		Creature	Gargoyle	Flying|Echo {2}{R} (At the beginning of your upkeep, if this came under your control since the beginning of your last upkeep, sacrifice it unless you pay its echo cost.)|{R}: Basalt Gargoyle gets +0/+1 until end of turn.	3	2
Benalish Cavalry	{1}{W}		Creature	Human,Knight	Flanking (Whenever a creature without flanking blocks this creature, the blocking creature gets -1/-1 until end of turn.)	2	2
Bewilder	{2}{U}		Instant		Target creature gets -3/-0 until end of turn.|Draw a card.		
Blazing Blade Askari	{2}{R}		Creature	Human,Knight	Flanking (Whenever a creature without flanking blocks this creature, the blocking creature gets -1/-1 until end of turn.)|{2}: Blazing Blade Askari becomes colorless until end of turn.	2	2
Bogardan Hellkite	{6}{R}{R}		Creature	Dragon	Flash (You may cast this spell any time you could cast an instant.)|Flying|When Bogardan Hellkite enters the battlefield, it deals 5 damage divided as you choose among any number of target creatures and/or players.	5	5
Bogardan Rager	{5}{R}		Creature	Elemental	Flash (You may cast this spell any time you could cast an instant.)|When Bogardan Rager enters the battlefield, target creature gets +4/+0 until end of turn.	3	4
Bonesplitter Sliver	{3}{R}		Creature	Sliver	All Sliver creatures get +2/+0.	2	2
Brass Gnat	{1}		Artifact,Creature	Insect	Flying|Brass Gnat doesn't untap during your untap step.|At the beginning of your upkeep, you may pay {1}. If you do, untap Brass Gnat.	1	1
Brine Elemental	{4}{U}{U}		Creature	Elemental	Morph {5}{U}{U} (You may cast this face down as a 2/2 creature for {3}. Turn it face up any time for its morph cost.)|When Brine Elemental is turned face up, each opponent skips his or her next untap step.	5	4
Calciform Pools			Land		{T}: Add {1} to your mana pool.|{1}, {T}: Put a storage counter on Calciform Pools.|{1}, Remove X storage counters from Calciform Pools: Add X mana in any combination of {W} and/or {U} to your mana pool.		
Call to the Netherworld	{B}		Sorcery		Return target black creature card from your graveyard to your hand.|Madness {0} (If you discard this card, you may cast it for its madness cost instead of putting it into your graveyard.)		
Cancel	{1}{U}{U}		Instant		Counter target spell.		
Candles of Leng	{2}		Artifact		{4}, {T}: Reveal the top card of your library. If it has the same name as a card in your graveyard, put it into your graveyard. Otherwise, draw a card.		
Careful Consideration	{2}{U}{U}		Instant		Target player draws four cards, then discards three cards. If you cast this spell during your main phase, instead that player draws four cards, then discards two cards.		
Castle Raptors	{4}{W}		Creature	Bird,Soldier	Flying|As long as Castle Raptors is untapped, it gets +0/+2.	3	3
Cavalry Master	{2}{W}{W}		Creature	Human,Knight	Flanking (Whenever a creature without flanking blocks this creature, the blocking creature gets -1/-1 until end of turn.)|Other creatures you control with flanking have flanking. (Each instance of flanking triggers separately.)	3	3
Celestial Crusader	{2}{W}{W}		Creature	Spirit	Flash (You may cast this spell any time you could cast an instant.)|Split second (As long as this spell is on the stack, players can't cast spells or activate abilities that aren't mana abilities.)|Flying|Other white creatures get +1/+1.	2	2
Chameleon Blur	{3}{G}		Instant		Prevent all damage that creatures would deal to players this turn.		
Children of Korlis	{W}		Creature	Human,Rebel,Cleric	Sacrifice Children of Korlis: You gain life equal to the life you've lost this turn. (Damage causes loss of life.)	1	1
Chromatic Star	{1}		Artifact		{1}, {T}, Sacrifice Chromatic Star: Add one mana of any color to your mana pool.|When Chromatic Star is put into a graveyard from the battlefield, draw a card.		
Chronatog Totem	{3}		Artifact		{T}: Add {U} to your mana pool.|{1}{U}: Chronatog Totem becomes a 1/2 blue Atog artifact creature until end of turn.|{0}: Chronatog Totem gets +3/+3 until end of turn. You skip your next turn. Activate this ability only once each turn and only if Chronatog Totem is a creature.		
Chronosavant	{5}{W}		Creature	Giant	{1}{W}: Return Chronosavant from your graveyard to the battlefield tapped. You skip your next turn.	5	5
Clockspinning	{U}		Instant		Buyback {3} (You may pay an additional {3} as you cast this spell. If you do, put this card into your hand as it resolves.)|Choose a counter on target permanent or suspended card. Remove that counter from that permanent or card or put another of those counters on it.		
Clockwork Hydra	{5}		Artifact,Creature	Hydra	Clockwork Hydra enters the battlefield with four +1/+1 counters on it.|Whenever Clockwork Hydra attacks or blocks, remove a +1/+1 counter from it. If you do, Clockwork Hydra deals 1 damage to target creature or player.|{T}: Put a +1/+1 counter on Clockwork Hydra.	0	0
Cloudchaser Kestrel	{1}{W}{W}		Creature	Bird	Flying|When Cloudchaser Kestrel enters the battlefield, destroy target enchantment.|{W}: Target permanent becomes white until end of turn.	2	2
Coal Stoker	{3}{R}		Creature	Elemental	When Coal Stoker enters the battlefield, if you cast it from your hand, add {R}{R}{R} to your mana pool.	3	3
Conflagrate	{X}{X}{R}		Sorcery		Conflagrate deals X damage divided as you choose among any number of target creatures and/or players.|Flashback-{R}{R}, Discard X cards. (You may cast this card from your graveyard for its flashback cost. Then exile it.)		
Coral Trickster	{1}{U}		Creature	Merfolk,Rogue	Morph {U} (You may cast this face down as a 2/2 creature for {3}. Turn it face up any time for its morph cost.)|When Coral Trickster is turned face up, you may tap or untap target permanent.	2	1
Corpulent Corpse	{5}{B}		Creature	Zombie	Fear (This creature can't be blocked except by artifact creatures and/or black creatures.)|Suspend 5-{B} (Rather than cast this card from your hand, you may pay {B} and exile it with five time counters on it. At the beginning of your upkeep, remove a time counter. When the last is removed, cast it without paying its mana cost. It has haste.)	3	3
Crookclaw Transmuter	{3}{U}		Creature	Bird,Wizard	Flash (You may cast this spell any time you could cast an instant.)|Flying|When Crookclaw Transmuter enters the battlefield, switch target creature's power and toughness until end of turn.	3	1
Curse of the Cabal	{9}{B}		Sorcery		Target player sacrifices half the permanents he or she controls, rounded down.|Suspend 2-{2}{B}{B} (Rather than cast this card from your hand, you may pay {2}{B}{B} and exile it with two time counters on it. At the beginning of your upkeep, remove a time counter. When the last is removed, cast it without paying its mana cost.)|At the beginning of each player's upkeep, if Curse of the Cabal is suspended, that player may sacrifice a permanent. If he or she does, put two time counters on Curse of the Cabal.		
Cyclopean Giant	{2}{B}{B}		Creature	Zombie,Giant	When Cyclopean Giant dies, target land becomes a Swamp. Exile Cyclopean Giant.	4	2
Dark Withering	{4}{B}{B}		Instant		Destroy target nonblack creature.|Madness {B} (If you discard this card, you may cast it for its madness cost instead of putting it into your graveyard.)		
D'Avenant Healer	{1}{W}{W}		Creature	Human,Cleric,Archer	{T}: D'Avenant Healer deals 1 damage to target attacking or blocking creature.|{T}: Prevent the next 1 damage that would be dealt to target creature or player this turn.	1	2
Deathspore Thallid	{1}{B}		Creature	Zombie,Fungus	At the beginning of your upkeep, put a spore counter on Deathspore Thallid.|Remove three spore counters from Deathspore Thallid: Put a 1/1 green Saproling creature token onto the battlefield.|Sacrifice a Saproling: Target creature gets -1/-1 until end of turn.	1	1
Deep-Sea Kraken	{7}{U}{U}{U}		Creature	Kraken	Deep-Sea Kraken can't be blocked.|Suspend 9-{2}{U} (Rather than cast this card from your hand, you may pay {2}{U} and exile it with nine time counters on it. At the beginning of your upkeep, remove a time counter. When the last is removed, cast it without paying its mana cost. It has haste.)|Whenever an opponent casts a spell, if Deep-Sea Kraken is suspended, remove a time counter from it.	6	6
Dementia Sliver	{3}{U}{B}		Creature	Sliver	All Slivers have '{T}: Name a card. Target opponent reveals a card at random from his or her hand. If it's the named card, that player discards it. Activate this ability only during your turn.'	3	3
Demonic Collusion	{3}{B}{B}		Sorcery		Buyback-Discard two cards. (You may discard two cards in addition to any other costs as you cast this spell. If you do, put this card into your hand as it resolves.)|Search your library for a card and put that card into your hand. Then shuffle your library.		
Detainment Spell	{W}		Enchantment	Aura	Enchant creature|Enchanted creature's activated abilities can't be activated.|{1}{W}: Attach Detainment Spell to target creature.		
Divine Congregation	{3}{W}		Sorcery		You gain 2 life for each creature target player controls.|Suspend 5-{1}{W} (Rather than cast this card from your hand, you may pay {1}{W} and exile it with five time counters on it. At the beginning of your upkeep, remove a time counter. When the last is removed, cast it without paying its mana cost.)		
Draining Whelk	{4}{U}{U}		Creature	Illusion	Flash (You may cast this spell any time you could cast an instant.)|Flying|When Draining Whelk enters the battlefield, counter target spell. Put X +1/+1 counters on Draining Whelk, where X is that spell's converted mana cost.	1	1
Dralnu, Lich Lord	{3}{U}{B}	Legendary	Creature	Zombie,Wizard	If damage would be dealt to Dralnu, Lich Lord, sacrifice that many permanents instead.|{T}: Target instant or sorcery card in your graveyard gains flashback until end of turn. The flashback cost is equal to its mana cost. (You may cast that card from your graveyard for its flashback cost. Then exile it.)	3	3
Dread Return	{2}{B}{B}		Sorcery		Return target creature card from your graveyard to the battlefield.|Flashback-Sacrifice three creatures. (You may cast this card from your graveyard for its flashback cost. Then exile it.)		
Dreadship Reef			Land		{T}: Add {1} to your mana pool.|{1}, {T}: Put a storage counter on Dreadship Reef.|{1}, Remove X storage counters from Dreadship Reef: Add X mana in any combination of {U} and/or {B} to your mana pool.		
Dream Stalker	{1}{U}		Creature	Illusion	When Dream Stalker enters the battlefield, return a permanent you control to its owner's hand.	1	5
Drifter il-Dal	{U}		Creature	Human,Wizard	Shadow (This creature can block or be blocked by only creatures with shadow.)|At the beginning of your upkeep, sacrifice Drifter il-Dal unless you pay {U}.	2	1
Drudge Reavers	{3}{B}		Creature	Skeleton	Flash (You may cast this spell any time you could cast an instant.)|{B}: Regenerate Drudge Reavers.	2	1
Durkwood Baloth	{4}{G}{G}		Creature	Beast	Suspend 5-{G} (Rather than cast this card from your hand, you may pay {G} and exile it with five time counters on it. At the beginning of your upkeep, remove a time counter. When the last is removed, cast it without paying its mana cost. It has haste.)	5	5
Durkwood Tracker	{4}{G}		Creature	Giant	{1}{G}, {T}: If Durkwood Tracker is on the battlefield, it deals damage equal to its power to target attacking creature. That creature deals damage equal to its power to Durkwood Tracker.	4	3
Duskrider Peregrine	{5}{W}		Creature	Bird	Flying, protection from black|Suspend 3-{1}{W} (Rather than cast this card from your hand, you may pay {1}{W} and exile it with three time counters on it. At the beginning of your upkeep, remove a time counter. When the last is removed, cast it without paying its mana cost. It has haste.)	3	3
Empty the Warrens	{3}{R}		Sorcery		Put two 1/1 red Goblin creature tokens onto the battlefield.|Storm (When you cast this spell, copy it for each spell cast before it this turn.)		
Endrek Sahr, Master Breeder	{4}{B}	Legendary	Creature	Human,Wizard	Whenever you cast a creature spell, put X 1/1 black Thrull creature tokens onto the battlefield, where X is that spell's converted mana cost.|When you control seven or more Thrulls, sacrifice Endrek Sahr, Master Breeder.	2	2
Errant Doomsayers	{1}{W}		Creature	Human,Rebel	{T}: Tap target creature with toughness 2 or less.	1	1
Errant Ephemeron	{6}{U}		Creature	Illusion	Flying|Suspend 4-{1}{U} (Rather than cast this card from your hand, you may pay {1}{U} and exile it with four time counters on it. At the beginning of your upkeep, remove a time counter. When the last is removed, cast it without paying its mana cost. It has haste.)	4	4
Eternity Snare	{5}{U}		Enchantment	Aura	Enchant creature|When Eternity Snare enters the battlefield, draw a card.|Enchanted creature doesn't untap during its controller's untap step.		
Evangelize	{4}{W}		Sorcery		Buyback {2}{W}{W} (You may pay an additional {2}{W}{W} as you cast this spell. If you do, put this card into your hand as it resolves.)|Gain control of target creature of an opponent's choice he or she controls.		
Evil Eye of Urborg	{4}{B}		Creature	Eye	Non-Eye creatures you control can't attack.|Whenever Evil Eye of Urborg becomes blocked by a creature, destroy that creature.	6	3
Faceless Devourer	{2}{B}		Creature	Nightmare,Horror	Shadow (This creature can block or be blocked by only creatures with shadow.)|When Faceless Devourer enters the battlefield, exile another target creature with shadow.|When Faceless Devourer leaves the battlefield, return the exiled card to the battlefield under its owner's control.	2	1
Fallen Ideal	{2}{B}		Enchantment	Aura	Enchant creature|Enchanted creature has flying and 'Sacrifice a creature: This creature gets +2/+1 until end of turn.'|When Fallen Ideal is put into a graveyard from the battlefield, return Fallen Ideal to its owner's hand.		
Fathom Seer	{1}{U}		Creature	Illusion	Morph-Return two Islands you control to their owner's hand. (You may cast this face down as a 2/2 creature for {3}. Turn it face up any time for its morph cost.)|When Fathom Seer is turned face up, draw two cards.	1	3
Feebleness	{1}{B}		Enchantment	Aura	Flash (You may cast this spell any time you could cast an instant.)|Enchant creature|Enchanted creature gets -2/-1.		
Firemaw Kavu	{5}{R}		Creature	Kavu	Echo {5}{R} (At the beginning of your upkeep, if this came under your control since the beginning of your last upkeep, sacrifice it unless you pay its echo cost.)|When Firemaw Kavu enters the battlefield, it deals 2 damage to target creature.|When Firemaw Kavu leaves the battlefield, it deals 4 damage to target creature.	4	2
Firewake Sliver	{1}{R}{G}		Creature	Sliver	All Sliver creatures have haste.|All Slivers have '{1}, Sacrifice this permanent: Target Sliver creature gets +2/+2 until end of turn.'	1	1
Flagstones of Trokair		Legendary	Land		{T}: Add {W} to your mana pool.|When Flagstones of Trokair is put into a graveyard from the battlefield, you may search your library for a Plains card and put it onto the battlefield tapped. If you do, shuffle your library.		
Flamecore Elemental	{2}{R}{R}		Creature	Elemental	Echo {2}{R}{R} (At the beginning of your upkeep, if this came under your control since the beginning of your last upkeep, sacrifice it unless you pay its echo cost.)	5	4
Fledgling Mawcor	{3}{U}		Creature	Beast	Flying|{T}: Fledgling Mawcor deals 1 damage to target creature or player.|Morph {U}{U} (You may cast this face down as a 2/2 creature for {3}. Turn it face up any time for its morph cost.)	2	2
Flickering Spirit	{3}{W}		Creature	Spirit	Flying|{3}{W}: Exile Flickering Spirit, then return it to the battlefield under its owner's control.	2	2
Flowstone Channeler	{2}{R}		Creature	Human,Spellshaper	{1}{R}, {T}, Discard a card: Target creature gets +1/-1 and gains haste until end of turn.	2	2
Fool's Demise	{4}{U}		Enchantment	Aura	Enchant creature|When enchanted creature dies, return that card to the battlefield under your control.|When Fool's Demise is put into a graveyard from the battlefield, return Fool's Demise to its owner's hand.		
Forest		Basic	Land	Forest	G		
Foriysian Interceptor	{3}{W}		Creature	Human,Soldier	Flash (You may cast this spell any time you could cast an instant.)|Defender|Foriysian Interceptor can block an additional creature.	0	5
Foriysian Totem	{3}		Artifact		{T}: Add {R} to your mana pool.|{4}{R}: Foriysian Totem becomes a 4/4 red Giant artifact creature with trample until end of turn.|As long as Foriysian Totem is a creature, it can block an additional creature.		
Fortify	{2}{W}		Instant		Choose one - Creatures you control get +2/+0 until end of turn; or creatures you control get +0/+2 until end of turn.		
Fortune Thief	{4}{R}		Creature	Human,Rogue	Damage that would reduce your life total to less than 1 reduces it to 1 instead.|Morph {R}{R} (You may cast this face down as a 2/2 creature for {3}. Turn it face up any time for its morph cost.)	0	1
Fungal Reaches			Land		{T}: Add {1} to your mana pool.|{1}, {T}: Put a storage counter on Fungal Reaches.|{1}, Remove X storage counters from Fungal Reaches: Add X mana in any combination of {R} and/or {G} to your mana pool.		
Fungus Sliver	{3}{G}		Creature	Fungus,Sliver	All Sliver creatures have 'Whenever this creature is dealt damage, put a +1/+1 counter on it.' (The damage is dealt before the counter is put on.)	2	2
Fury Sliver	{5}{R}		Creature	Sliver	All Sliver creatures have double strike.	3	3
Gauntlet of Power	{5}		Artifact		As Gauntlet of Power enters the battlefield, choose a color.|Creatures of the chosen color get +1/+1.|Whenever a basic land is tapped for mana of the chosen color, its controller adds one mana of that color to his or her mana pool (in addition to the mana the land produces).		
Gaze of Justice	{W}		Sorcery		As an additional cost to cast Gaze of Justice, tap three untapped white creatures you control.|Exile target creature.|Flashback {5}{W} (You may cast this card from your graveyard for its flashback cost and any additional costs. Then exile it.)		
Gemhide Sliver	{1}{G}		Creature	Sliver	All Slivers have '{T}: Add one mana of any color to your mana pool.'	1	1
Gemstone Caverns		Legendary	Land		If Gemstone Caverns is in your opening hand and you're not playing first, you may begin the game with Gemstone Caverns on the battlefield with a luck counter on it. If you do, exile a card from your hand.|{T}: Add {1} to your mana pool. If Gemstone Caverns has a luck counter on it, instead add one mana of any color to your mana pool.		
Ghitu Firebreathing	{1}{R}		Enchantment	Aura	Flash (You may cast this spell any time you could cast an instant.)|Enchant creature|{R}: Enchanted creature gets +1/+0 until end of turn.|{R}: Return Ghitu Firebreathing to its owner's hand.		
Ghostflame Sliver	{B}{R}		Creature	Sliver	All Slivers are colorless.	2	2
Glass Asp	{1}{G}{G}		Creature	Snake	Whenever Glass Asp deals combat damage to a player, that player loses 2 life at the beginning of his or her next draw step unless he or she pays {2} before that step.	2	1
Goblin Skycutter	{1}{R}		Creature	Goblin,Warrior	Sacrifice Goblin Skycutter: Goblin Skycutter deals 2 damage to target creature with flying. That creature loses flying until end of turn.	2	1
Gorgon Recluse	{3}{B}{B}		Creature	Gorgon	Whenever Gorgon Recluse blocks or becomes blocked by a nonblack creature, destroy that creature at end of combat.|Madness {B}{B} (If you discard this card, you may cast it for its madness cost instead of putting it into your graveyard.)	2	4
Grapeshot	{1}{R}		Sorcery		Grapeshot deals 1 damage to target creature or player.|Storm (When you cast this spell, copy it for each spell cast before it this turn. You may choose new targets for the copies.)		
Greater Gargadon	{9}{R}		Creature	Beast	Suspend 10-{R}|Sacrifice an artifact, creature, or land: Remove a time counter from Greater Gargadon. Activate this ability only if Greater Gargadon is suspended.	9	7
Greenseeker	{G}		Creature	Elf,Spellshaper	{G}, {T}, Discard a card: Search your library for a basic land card, reveal it, and put it into your hand. Then shuffle your library.	1	1
Griffin Guide	{2}{W}		Enchantment	Aura	Enchant creature|Enchanted creature gets +2/+2 and has flying.|When enchanted creature dies, put a 2/2 white Griffin creature token with flying onto the battlefield.		
Ground Rift	{R}		Sorcery		Target creature without flying can't block this turn.|Storm (When you cast this spell, copy it for each spell cast before it this turn. You may choose new targets for the copies.)		
Gustcloak Cavalier	{3}{W}{W}		Creature	Human,Knight	Flanking (Whenever a creature without flanking blocks this creature, the blocking creature gets -1/-1 until end of turn.)|Whenever Gustcloak Cavalier attacks, you may tap target creature.|Whenever Gustcloak Cavalier becomes blocked, you may untap Gustcloak Cavalier and remove it from combat.	2	2
Harmonic Sliver	{1}{G}{W}		Creature	Sliver	All Slivers have 'When this permanent enters the battlefield, destroy target artifact or enchantment.'	1	1
Haunting Hymn	{4}{B}{B}		Instant		Target player discards two cards. If you cast this spell during your main phase, that player discards four cards instead.		
Havenwood Wurm	{6}{G}		Creature	Wurm	Flash (You may cast this spell any time you could cast an instant.)|Trample	5	6
Herd Gnarr	{3}{G}		Creature	Beast	Whenever another creature enters the battlefield under your control, Herd Gnarr gets +2/+2 until end of turn.	2	2
Hivestone	{2}		Artifact		Creatures you control are Slivers in addition to their other creature types.		
Hypergenesis			Sorcery		Suspend 3-{1}{G}{G} (Rather than cast this card from your hand, pay {1}{G}{G} and exile it with three time counters on it. At the beginning of your upkeep, remove a time counter. When the last is removed, cast it without paying its mana cost.)|Starting with you, each player may put an artifact, creature, enchantment, or land card from his or her hand onto the battlefield. Repeat this process until no one puts a card onto the battlefield.		
Ib Halfheart, Goblin Tactician	{3}{R}	Legendary	Creature	Goblin,Advisor	Whenever another Goblin you control becomes blocked, sacrifice it. If you do, it deals 4 damage to each creature blocking it.|Sacrifice two Mountains: Put two 1/1 red Goblin creature tokens onto the battlefield.	3	2
Icatian Crier	{2}{W}		Creature	Human,Spellshaper	{1}{W}, {T}, Discard a card: Put two 1/1 white Citizen creature tokens onto the battlefield.	1	1
Ignite Memories	{4}{R}		Sorcery		Target player reveals a card at random from his or her hand. Ignite Memories deals damage to that player equal to that card's converted mana cost.|Storm (When you cast this spell, copy it for each spell cast before it this turn. You may choose new targets for the copies.)		
Ironclaw Buzzardiers	{2}{R}		Creature	Orc,Scout	Ironclaw Buzzardiers can't block creatures with power 2 or greater.|{R}: Ironclaw Buzzardiers gains flying until end of turn.	2	2
Island		Basic	Land	Island	U		
Ith, High Arcanist	{5}{W}{U}	Legendary	Creature	Human,Wizard	Vigilance|{T}: Untap target attacking creature. Prevent all combat damage that would be dealt to and dealt by that creature this turn.|Suspend 4-{W}{U} (Rather than cast this card from your hand, you may pay {W}{U} and exile it with four time counters on it. At the beginning of your upkeep, remove a time counter. When the last is removed, cast it without paying its mana cost. It has haste.)	3	5
Ivory Giant	{5}{W}{W}		Creature	Giant	When Ivory Giant enters the battlefield, tap all nonwhite creatures.|Suspend 5-{W} (Rather than cast this card from your hand, you may pay {W} and exile it with five time counters on it. At the beginning of your upkeep, remove a time counter. When the last is removed, cast it without paying its mana cost. It has haste.)	3	4
Ixidron	{3}{U}{U}		Creature	Illusion	As Ixidron enters the battlefield, turn all other nontoken creatures face down. (They're 2/2 creatures.)|Ixidron's power and toughness are each equal to the number of face-down creatures on the battlefield.	*	*
Jaya Ballard, Task Mage	{1}{R}{R}	Legendary	Creature	Human,Spellshaper	{R}, {T}, Discard a card: Destroy target blue permanent.|{1}{R}, {T}, Discard a card: Jaya Ballard, Task Mage deals 3 damage to target creature or player. A creature dealt damage this way can't be regenerated this turn.|{5}{R}{R}, {T}, Discard a card: Jaya Ballard deals 6 damage to each creature and each player.	2	2
Jedit's Dragoons	{5}{W}		Creature	Cat,Soldier	Vigilance|When Jedit's Dragoons enters the battlefield, you gain 4 life.	2	5
Jhoira's Timebug	{2}		Artifact,Creature	Insect	{T}: Choose target permanent you control or suspended card you own. If that permanent or card has a time counter on it, you may remove a time counter from it or put another time counter on it.	1	2
Kaervek the Merciless	{5}{B}{R}	Legendary	Creature	Human,Shaman	Whenever an opponent casts a spell, Kaervek the Merciless deals damage to target creature or player equal to that spell's converted mana cost.	5	4
Keldon Halberdier	{4}{R}		Creature	Human,Warrior	First strike|Suspend 4-{R} (Rather than cast this card from your hand, you may pay {R} and exile it with four time counters on it. At the beginning of your upkeep, remove a time counter. When the last is removed, cast it without paying its mana cost. It has haste.)	4	1
Kher Keep		Legendary	Land		{T}: Add {1} to your mana pool.|{1}{R}, {T}: Put a 0/1 red Kobold creature token named Kobolds of Kher Keep onto the battlefield.		
Knight of the Holy Nimbus	{W}{W}		Creature	Human,Rebel,Knight	Flanking (Whenever a creature without flanking blocks this creature, the blocking creature gets -1/-1 until end of turn.)|If Knight of the Holy Nimbus would be destroyed, regenerate it.|{2}: Knight of the Holy Nimbus can't be regenerated this turn. Only any opponent may activate this ability.	2	2
Krosan Grip	{2}{G}		Instant		Split second (As long as this spell is on the stack, players can't cast spells or activate abilities that aren't mana abilities.)|Destroy target artifact or enchantment.		
Liege of the Pit	{5}{B}{B}{B}		Creature	Demon	Flying, trample|At the beginning of your upkeep, sacrifice a creature other than Liege of the Pit. If you can't, Liege of the Pit deals 7 damage to you.|Morph {B}{B}{B}{B} (You may cast this face down as a 2/2 creature for {3}. Turn it face up any time for its morph cost.)	7	7
Lightning Axe	{R}		Instant		As an additional cost to cast Lightning Axe, discard a card or pay {5}.|Lightning Axe deals 5 damage to target creature.		
Lim-Dûl the Necromancer	{5}{B}{B}	Legendary	Creature	Human,Wizard	Whenever a creature an opponent controls dies, you may pay {1}{B}. If you do, return that card to the battlefield under your control. If it's a creature, it's a Zombie in addition to its other creature types.|{1}{B}: Regenerate target Zombie.	4	4
Living End			Sorcery		Suspend 3-{2}{B}{B} (Rather than cast this card from your hand, pay {2}{B}{B} and exile it with three time counters on it. At the beginning of your upkeep, remove a time counter. When the last is removed, cast it without paying its mana cost.)|Each player exiles all creature cards from his or her graveyard, then sacrifices all creatures he or she controls, then puts all cards he or she exiled this way onto the battlefield.		
Locket of Yesterdays	{1}		Artifact		Spells you cast cost {1} less to cast for each card with the same name as that spell in your graveyard.		
Looter il-Kor	{1}{U}		Creature	Kor,Rogue	Shadow (This creature can block or be blocked by only creatures with shadow.)|Whenever Looter il-Kor deals damage to an opponent, draw a card, then discard a card.	1	1
Lotus Bloom			Artifact		Suspend 3-{0} (Rather than cast this card from your hand, pay {0} and exile it with three time counters on it. At the beginning of your upkeep, remove a time counter. When the last is removed, cast it without paying its mana cost.)|{T}, Sacrifice Lotus Bloom: Add three mana of any one color to your mana pool.		
Magus of the Candelabra	{G}		Creature	Human,Wizard	{X}, {T}: Untap X target lands.	1	2
Magus of the Disk	{2}{W}{W}		Creature	Human,Wizard	Magus of the Disk enters the battlefield tapped.|{1}, {T}: Destroy all artifacts, creatures, and enchantments.	2	4
Magus of the Jar	{3}{U}{U}		Creature	Human,Wizard	{T}, Sacrifice Magus of the Jar: Each player exiles all cards from his or her hand face down and draws seven cards. At the beginning of the next end step, each player discards his or her hand and returns to his or her hand each card he or she exiled this way.	3	3
Magus of the Mirror	{4}{B}{B}		Creature	Human,Wizard	{T}, Sacrifice Magus of the Mirror: Exchange life totals with target opponent. Activate this ability only during your upkeep.	4	2
Magus of the Scroll	{R}		Creature	Human,Wizard	{3}, {T}: Name a card. Reveal a card at random from your hand. If it's the named card, Magus of the Scroll deals 2 damage to target creature or player.	1	1
Mana Skimmer	{3}{B}		Creature	Leech	Flying|Whenever Mana Skimmer deals damage to a player, tap target land that player controls. That land doesn't untap during its controller's next untap step.	2	2
Mangara of Corondor	{1}{W}{W}	Legendary	Creature	Human,Wizard	{T}: Exile Mangara of Corondor and target permanent.	1	1
Might of Old Krosa	{G}		Instant		Target creature gets +2/+2 until end of turn. If you cast this spell during your main phase, that creature gets +4/+4 until end of turn instead.		
Might Sliver	{4}{G}		Creature	Sliver	All Sliver creatures get +2/+2.	2	2
Mindlash Sliver	{B}		Creature	Sliver	All Slivers have '{1}, Sacrifice this permanent: Each player discards a card.'	1	1
Mindstab	{5}{B}		Sorcery		Target player discards three cards.|Suspend 4-{B} (Rather than cast this card from your hand, you may pay {B} and exile it with four time counters on it. At the beginning of your upkeep, remove a time counter. When the last is removed, cast it without paying its mana cost.)		
Mishra, Artificer Prodigy	{1}{U}{B}{R}	Legendary	Creature	Human,Artificer	Whenever you cast an artifact spell, you may search your graveyard, hand, and/or library for a card with the same name as that spell and put it onto the battlefield. If you search your library this way, shuffle it.	4	4
Mogg War Marshal	{1}{R}		Creature	Goblin,Warrior	Echo {1}{R} (At the beginning of your upkeep, if this came under your control since the beginning of your last upkeep, sacrifice it unless you pay its echo cost.)|When Mogg War Marshal enters the battlefield or dies, put a 1/1 red Goblin creature token onto the battlefield.	1	1
Molder	{X}{G}		Instant		Destroy target artifact or enchantment with converted mana cost X. It can't be regenerated. You gain X life.		
Molten Slagheap			Land		{T}: Add {1} to your mana pool.|{1}, {T}: Put a storage counter on Molten Slagheap.|{1}, Remove X storage counters from Molten Slagheap: Add X mana in any combination of {B} and/or {R} to your mana pool.		
Momentary Blink	{1}{W}		Instant		Exile target creature you control, then return it to the battlefield under its owner's control.|Flashback {3}{U} (You may cast this card from your graveyard for its flashback cost. Then exile it.)		
Moonlace	{U}		Instant		Target spell or permanent becomes colorless.		
Mountain		Basic	Land	Mountain	R		
Mwonvuli Acid-Moss	{2}{G}{G}		Sorcery		Destroy target land. Search your library for a Forest card and put that card onto the battlefield tapped. Then shuffle your library.		
Mystical Teachings	{3}{U}		Instant		Search your library for an instant card or a card with flash, reveal it, and put it into your hand. Then shuffle your library.|Flashback {5}{B} (You may cast this card from your graveyard for its flashback cost. Then exile it.)		
Nantuko Shaman	{2}{G}		Creature	Insect,Shaman	When Nantuko Shaman enters the battlefield, if you control no tapped lands, draw a card.|Suspend 1-{2}{G}{G} (Rather than cast this card from your hand, you may pay {2}{G}{G} and exile it with a time counter on it. At the beginning of your upkeep, remove a time counter. When the last is removed, cast it without paying its mana cost. It has haste.)	3	2
Nether Traitor	{B}{B}		Creature	Spirit	Haste|Shadow (This creature can block or be blocked by only creatures with shadow.)|Whenever another creature is put into your graveyard from the battlefield, you may pay {B}. If you do, return Nether Traitor from your graveyard to the battlefield.	1	1
Nightshade Assassin	{2}{B}{B}		Creature	Human,Assassin	First strike|When Nightshade Assassin enters the battlefield, you may reveal X black cards in your hand. If you do, target creature gets -X/-X until end of turn.|Madness {1}{B} (If you discard this card, you may cast it for its madness cost instead of putting it into your graveyard.)	2	1
Norin the Wary	{R}	Legendary	Creature	Human,Warrior	When a player casts a spell or a creature attacks, exile Norin the Wary. Return it to the battlefield under its owner's control at the beginning of the next end step.	2	1
Opal Guardian	{W}{W}{W}		Enchantment		When an opponent casts a creature spell, if Opal Guardian is an enchantment, Opal Guardian becomes a 3/4 Gargoyle creature with flying and protection from red.		
Opaline Sliver	{1}{W}{U}		Creature	Sliver	All Slivers have 'Whenever this permanent becomes the target of a spell an opponent controls, you may draw a card.'	2	2
Ophidian Eye	{2}{U}		Enchantment	Aura	Flash (You may cast this spell any time you could cast an instant.)|Enchant creature|Whenever enchanted creature deals damage to an opponent, you may draw a card.		
Orcish Cannonade	{1}{R}{R}		Instant		Orcish Cannonade deals 2 damage to target creature or player and 3 damage to you.|Draw a card.		
Outrider en-Kor	{2}{W}		Creature	Kor,Rebel,Knight	Flanking (Whenever a creature without flanking blocks this creature, the blocking creature gets -1/-1 until end of turn.)|{0}: The next 1 damage that would be dealt to Outrider en-Kor this turn is dealt to target creature you control instead.	2	2
Paradise Plume	{4}		Artifact		As Paradise Plume enters the battlefield, choose a color.|Whenever a player casts a spell of the chosen color, you may gain 1 life.|{T}: Add one mana of the chosen color to your mana pool.		
Paradox Haze	{2}{U}		Enchantment	Aura	Enchant player|At the beginning of enchanted player's first upkeep each turn, that player gets an additional upkeep step after this step.		
Pardic Dragon	{4}{R}{R}		Creature	Dragon	Flying|{R}: Pardic Dragon gets +1/+0 until end of turn.|Suspend 2-{R}{R}|Whenever an opponent casts a spell, if Pardic Dragon is suspended, that player may put a time counter on Pardic Dragon.	4	4
Pendelhaven Elder	{1}{G}		Creature	Elf,Shaman	{T}: Each 1/1 creature you control gets +1/+2 until end of turn.	1	1
Pentarch Paladin	{2}{W}{W}{W}		Creature	Human,Knight	Flanking (Whenever a creature without flanking blocks this creature, the blocking creature gets -1/-1 until end of turn.)|As Pentarch Paladin enters the battlefield, choose a color.|{W}{W}, {T}: Destroy target permanent of the chosen color.	3	3
Pentarch Ward	{2}{W}		Enchantment	Aura	Enchant creature|As Pentarch Ward enters the battlefield, choose a color.|When Pentarch Ward enters the battlefield, draw a card.|Enchanted creature has protection from the chosen color. This effect doesn't remove Pentarch Ward.		
Penumbra Spider	{2}{G}{G}		Creature	Spider	Reach|When Penumbra Spider dies, put a 2/4 black Spider creature token with reach onto the battlefield.	2	4
Phantom Wurm	{4}{G}{G}		Creature	Wurm,Spirit	Phantom Wurm enters the battlefield with four +1/+1 counters on it.|If damage would be dealt to Phantom Wurm, prevent that damage. Remove a +1/+1 counter from Phantom Wurm.	2	0
Phthisis	{3}{B}{B}{B}{B}		Sorcery		Destroy target creature. Its controller loses life equal to its power plus its toughness.|Suspend 5-{1}{B} (Rather than cast this card from your hand, you may pay {1}{B} and exile it with five time counters on it. At the beginning of your upkeep, remove a time counter. When the last is removed, cast it without paying its mana cost.)		
Phyrexian Totem	{3}		Artifact		{T}: Add {B} to your mana pool.|{2}{B}: Phyrexian Totem becomes a 5/5 black Horror artifact creature with trample until end of turn.|Whenever Phyrexian Totem is dealt damage, if it's a creature, sacrifice that many permanents.		
Pit Keeper	{1}{B}		Creature	Human,Wizard	When Pit Keeper enters the battlefield, if you have four or more creature cards in your graveyard, you may return target creature card from your graveyard to your hand.	2	1
Plague Sliver	{2}{B}{B}		Creature	Sliver	All Slivers have 'At the beginning of your upkeep, this permanent deals 1 damage to you.'	5	5
Plains		Basic	Land	Plains	W		
Plated Pegasus	{2}{W}		Creature	Pegasus	Flash (You may cast this spell any time you could cast an instant.)|Flying|If a spell would deal damage to a creature or player, prevent 1 damage that spell would deal to that creature or player.	1	2
Plunder	{4}{R}		Sorcery		Destroy target artifact or land.|Suspend 4-{1}{R} (Rather than cast this card from your hand, you may pay {1}{R} and exile it with four time counters on it. At the beginning of your upkeep, remove a time counter. When the last is removed, cast it without paying its mana cost.)		
Premature Burial	{1}{B}		Sorcery		Destroy target nonblack creature that entered the battlefield since your last turn ended.		
Primal Forcemage	{2}{G}		Creature	Elf,Shaman	Whenever another creature enters the battlefield under your control, that creature gets +3/+3 until end of turn.	2	2
Prismatic Lens	{2}		Artifact		{T}: Add {1} to your mana pool.|{1}, {T}: Add one mana of any color to your mana pool.		
Psionic Sliver	{4}{U}		Creature	Sliver	All Sliver creatures have '{T}: This creature deals 2 damage to target creature or player and 3 damage to itself.'	2	2
Psychotic Episode	{1}{B}{B}		Sorcery		Target player reveals his or her hand and the top card of his or her library. You choose a card revealed this way. That player puts the chosen card on the bottom of his or her library.|Madness {1}{B} (If you discard this card, you may cast it for its madness cost instead of putting it into your graveyard.)		
Pull from Eternity	{W}		Instant		Put target face-up exiled card into its owner's graveyard.		
Pulmonic Sliver	{3}{W}{W}		Creature	Sliver	All Sliver creatures have flying.|All Slivers have 'If this permanent would be put into a graveyard, you may put it on top of its owner's library instead.'	3	3
Quilled Sliver	{1}{W}		Creature	Sliver	All Slivers have '{T}: This permanent deals 1 damage to target attacking or blocking creature.'	1	1
Reiterate	{1}{R}{R}		Instant		Buyback {3} (You may pay an additional {3} as you cast this spell. If you do, put this card into your hand as it resolves.)|Copy target instant or sorcery spell. You may choose new targets for the copy.		
Restore Balance			Sorcery		Suspend 6-{W} (Rather than cast this card from your hand, pay {W} and exile it with six time counters on it. At the beginning of your upkeep, remove a time counter. When the last is removed, cast it without paying its mana cost.)|Each player chooses a number of lands he or she controls equal to the number of lands controlled by the player who controls the fewest, then sacrifices the rest. Players sacrifice creatures and discard cards the same way.		
Return to Dust	{2}{W}{W}		Instant		Exile target artifact or enchantment. If you cast this spell during your main phase, you may exile up to one other target artifact or enchantment.		
Rift Bolt	{2}{R}		Sorcery		Rift Bolt deals 3 damage to target creature or player.|Suspend 1-{R} (Rather than cast this card from your hand, you may pay {R} and exile it with a time counter on it. At the beginning of your upkeep, remove a time counter. When the last is removed, cast it without paying its mana cost.)		
Riftwing Cloudskate	{3}{U}{U}		Creature	Illusion	Flying|When Riftwing Cloudskate enters the battlefield, return target permanent to its owner's hand.|Suspend 3-{1}{U} (Rather than cast this card from your hand, you may pay {1}{U} and exile it with three time counters on it. At the beginning of your upkeep, remove a time counter. When the last is removed, cast it without paying its mana cost. It has haste.)	2	2
Saffi Eriksdotter	{G}{W}	Legendary	Creature	Human,Scout	Sacrifice Saffi Eriksdotter: When target creature is put into your graveyard from the battlefield this turn, return that card to the battlefield.	2	2
Sage of Epityr	{U}		Creature	Human,Wizard	When Sage of Epityr enters the battlefield, look at the top four cards of your library, then put them back in any order.	1	1
Saltcrusted Steppe			Land		{T}: Add {1} to your mana pool.|{1}, {T}: Put a storage counter on Saltcrusted Steppe.|{1}, Remove X storage counters from Saltcrusted Steppe: Add X mana in any combination of {G} and/or {W} to your mana pool.		
Sangrophage	{B}{B}		Creature	Zombie	At the beginning of your upkeep, tap Sangrophage unless you pay 2 life.	3	3
Sarpadian Empires, Vol. VII	{3}		Artifact		As Sarpadian Empires, Vol. VII enters the battlefield, choose white Citizen, blue Camarid, black Thrull, red Goblin, or green Saproling.|{3}, {T}: Put a 1/1 creature token of the chosen color and type onto the battlefield.		
Savage Thallid	{3}{G}{G}		Creature	Fungus	At the beginning of your upkeep, put a spore counter on Savage Thallid.|Remove three spore counters from Savage Thallid: Put a 1/1 green Saproling creature token onto the battlefield.|Sacrifice a Saproling: Regenerate target Fungus.	5	2
Scarwood Treefolk	{3}{G}		Creature	Treefolk	Scarwood Treefolk enters the battlefield tapped.	3	5
Scion of the Ur-Dragon	{W}{U}{B}{R}{G}	Legendary	Creature	Dragon,Avatar	Flying|{2}: Search your library for a Dragon permanent card and put it into your graveyard. If you do, Scion of the Ur-Dragon becomes a copy of that card until end of turn. Then shuffle your library.	4	4
Screeching Sliver	{U}		Creature	Sliver	All Slivers have '{T}: Target player puts the top card of his or her library into his or her graveyard.'	1	1
Scryb Ranger	{1}{G}		Creature	Faerie	Flash (You may cast this spell any time you could cast an instant.)|Flying, protection from blue|Return a Forest you control to its owner's hand: Untap target creature. Activate this ability only once each turn.	1	1
Search for Tomorrow	{2}{G}		Sorcery		Search your library for a basic land card and put it onto the battlefield. Then shuffle your library.|Suspend 2-{G} (Rather than cast this card from your hand, you may pay {G} and exile it with two time counters on it. At the beginning of your upkeep, remove a time counter. When the last is removed, cast it without paying its mana cost.)		
Sedge Sliver	{2}{R}		Creature	Sliver	All Sliver creatures have 'This creature gets +1/+1 as long as you control a Swamp.'|All Slivers have '{B}: Regenerate this permanent.'	2	2
Sengir Nosferatu	{3}{B}{B}		Creature	Vampire	Flying|{1}{B}, Exile Sengir Nosferatu: Put a 1/2 black Bat creature token with flying onto the battlefield. It has '{1}{B}, Sacrifice this creature: Return an exiled card named Sengir Nosferatu to the battlefield under its owner's control.'	4	4
Serra Avenger	{W}{W}		Creature	Angel	You can't cast Serra Avenger during your first, second, or third turns of the game.|Flying|Vigilance (Attacking doesn't cause this creature to tap.)	3	3
Shadow Sliver	{2}{U}		Creature	Sliver	All Sliver creatures have shadow. (They can block or be blocked by only creatures with shadow.)	1	1
Sidewinder Sliver	{W}		Creature	Sliver	All Sliver creatures have flanking. (Whenever a creature without flanking blocks a Sliver, the blocking creature gets -1/-1 until end of turn.)	1	1
Skittering Monstrosity	{3}{B}{B}		Creature	Horror	When you cast a creature spell, sacrifice Skittering Monstrosity.	5	5
Skulking Knight	{2}{B}		Creature	Zombie,Knight	Flanking (Whenever a creature without flanking blocks this creature, the blocking creature gets -1/-1 until end of turn.)|When Skulking Knight becomes the target of a spell or ability, sacrifice it.	3	3
Slipstream Serpent	{7}{U}		Creature	Serpent	Slipstream Serpent can't attack unless defending player controls an Island.|When you control no Islands, sacrifice Slipstream Serpent.|Morph {5}{U} (You may cast this face down as a 2/2 creature for {3}. Turn it face up any time for its morph cost.)	6	6
Smallpox	{B}{B}		Sorcery		Each player loses 1 life, discards a card, sacrifices a creature, then sacrifices a land.		
Snapback	{1}{U}		Instant		You may exile a blue card from your hand rather than pay Snapback's mana cost.|Return target creature to its owner's hand.		
Spectral Force	{3}{G}{G}		Creature	Elemental,Spirit	Trample|Whenever Spectral Force attacks, if defending player controls no black permanents, it doesn't untap during your next untap step.	8	8
Spell Burst	{X}{U}		Instant		Buyback {3} (You may pay an additional {3} as you cast this spell. If you do, put this card into your hand as it resolves.)|Counter target spell with converted mana cost X.		
Spike Tiller	{3}{G}{G}		Creature	Spike	Spike Tiller enters the battlefield with three +1/+1 counters on it.|{2}, Remove a +1/+1 counter from Spike Tiller: Put a +1/+1 counter on target creature.|{2}, Remove a +1/+1 counter from Spike Tiller: Target land becomes a 2/2 creature that's still a land. Put a +1/+1 counter on it.	0	0
Spiketail Drakeling	{1}{U}{U}		Creature	Drake	Flying|Sacrifice Spiketail Drakeling: Counter target spell unless its controller pays {2}.	2	2
Spinneret Sliver	{1}{G}		Creature	Sliver	All Sliver creatures have reach. (They can block creatures with flying.)	2	2
Spirit Loop	{1}{W}		Enchantment	Aura	Enchant creature you control|Whenever enchanted creature deals damage, you gain that much life.|When Spirit Loop is put into a graveyard from the battlefield, return Spirit Loop to its owner's hand.		
Sporesower Thallid	{2}{G}{G}		Creature	Fungus	At the beginning of your upkeep, put a spore counter on each Fungus you control.|Remove three spore counters from Sporesower Thallid: Put a 1/1 green Saproling creature token onto the battlefield.	4	4
Sprite Noble	{1}{U}{U}		Creature	Faerie	Flying|Other creatures you control with flying get +0/+1.|{T}: Other creatures you control with flying get +1/+0 until end of turn.	2	2
Sprout	{G}		Instant		Put a 1/1 green Saproling creature token onto the battlefield.		
Squall Line	{X}{G}{G}		Instant		Squall Line deals X damage to each creature with flying and each player.		
Stonebrow, Krosan Hero	{3}{R}{G}	Legendary	Creature	Centaur,Warrior	Trample|Whenever a creature you control with trample attacks, it gets +2/+2 until end of turn.	4	4
Stonewood Invocation	{3}{G}		Instant		Split second (As long as this spell is on the stack, players can't cast spells or activate abilities that aren't mana abilities.)|Target creature gets +5/+5 and gains shroud until end of turn. (It can't be the target of spells or abilities.)		
Stormcloud Djinn	{4}{U}		Creature	Djinn	Flying|Stormcloud Djinn can block only creatures with flying.|{R}{R}: Stormcloud Djinn gets +2/+0 until end of turn and deals 1 damage to you.	3	3
Strangling Soot	{2}{B}		Instant		Destroy target creature with toughness 3 or less.|Flashback {5}{R} (You may cast this card from your graveyard for its flashback cost. Then exile it.)		
Strength in Numbers	{1}{G}		Instant		Until end of turn, target creature gains trample and gets +X/+X, where X is the number of attacking creatures.		
Stronghold Overseer	{3}{B}{B}{B}		Creature	Demon	Flying|Shadow (This creature can block or be blocked by only creatures with shadow.)|{B}{B}: Creatures with shadow get +1/+0 until end of turn and creatures without shadow get -1/-0 until end of turn.	5	5
Stuffy Doll	{5}		Artifact,Creature	Construct	Indestructible|As Stuffy Doll enters the battlefield, choose a player.|Whenever Stuffy Doll is dealt damage, it deals that much damage to the chosen player.|{T}: Stuffy Doll deals 1 damage to itself.	0	1
Subterranean Shambler	{3}{R}		Creature	Elemental	Echo {3}{R} (At the beginning of your upkeep, if this came under your control since the beginning of your last upkeep, sacrifice it unless you pay its echo cost.)|When Subterranean Shambler enters the battlefield or leaves the battlefield, it deals 1 damage to each creature without flying.	2	3
Sudden Death	{1}{B}{B}		Instant		Split second (As long as this spell is on the stack, players can't cast spells or activate abilities that aren't mana abilities.)|Target creature gets -4/-4 until end of turn.		
Sudden Shock	{1}{R}		Instant		Split second (As long as this spell is on the stack, players can't cast spells or activate abilities that aren't mana abilities.)|Sudden Shock deals 2 damage to target creature or player.		
Sudden Spoiling	{1}{B}{B}		Instant		Split second (As long as this spell is on the stack, players can't cast spells or activate abilities that aren't mana abilities.)|Creatures target player controls become 0/2 and lose all abilities until end of turn.		
Sulfurous Blast	{2}{R}{R}		Instant		Sulfurous Blast deals 2 damage to each creature and each player. If you cast this spell during your main phase, Sulfurous Blast deals 3 damage to each creature and each player instead.		
Swamp		Basic	Land	Swamp	B		
Swarmyard			Land		{T}: Add {1} to your mana pool.|{T}: Regenerate target Insect, Rat, Spider, or Squirrel.		
Tectonic Fiend	{4}{R}{R}		Creature	Elemental	Echo {4}{R}{R} (At the beginning of your upkeep, if this came under your control since the beginning of your last upkeep, sacrifice it unless you pay its echo cost.)|Tectonic Fiend attacks each turn if able.	7	7
Teferi, Mage of Zhalfir	{2}{U}{U}{U}	Legendary	Creature	Human,Wizard	Flash (You may cast this spell any time you could cast an instant.)|Creature cards you own that aren't on the battlefield have flash.|Each opponent can cast spells only any time he or she could cast a sorcery.	3	4
Telekinetic Sliver	{2}{U}{U}		Creature	Sliver	All Slivers have '{T}: Tap target permanent.'	2	2
Temporal Eddy	{2}{U}{U}		Sorcery		Put target creature or land on top of its owner's library.		
Temporal Isolation	{1}{W}		Enchantment	Aura	Flash (You may cast this spell any time you could cast an instant.)|Enchant creature|Enchanted creature has shadow. (It can block or be blocked by only creatures with shadow.)|Prevent all damage that would be dealt by enchanted creature.		
Tendrils of Corruption	{3}{B}		Instant		Tendrils of Corruption deals X damage to target creature and you gain X life, where X is the number of Swamps you control.		
Terramorphic Expanse			Land		{T}, Sacrifice Terramorphic Expanse: Search your library for a basic land card and put it onto the battlefield tapped. Then shuffle your library.		
Thallid Germinator	{2}{G}		Creature	Fungus	At the beginning of your upkeep, put a spore counter on Thallid Germinator.|Remove three spore counters from Thallid Germinator: Put a 1/1 green Saproling creature token onto the battlefield.|Sacrifice a Saproling: Target creature gets +1/+1 until end of turn.	2	2
Thallid Shell-Dweller	{1}{G}		Creature	Fungus	Defender|At the beginning of your upkeep, put a spore counter on Thallid Shell-Dweller.|Remove three spore counters from Thallid Shell-Dweller: Put a 1/1 green Saproling creature token onto the battlefield.	0	5
Thelon of Havenwood	{G}{G}	Legendary	Creature	Elf,Druid	Each Fungus creature gets +1/+1 for each spore counter on it.|{B}{G}, Exile a Fungus card from a graveyard: Put a spore counter on each Fungus on the battlefield.	2	2
Thelonite Hermit	{3}{G}		Creature	Elf,Shaman	Saproling creatures get +1/+1.|Morph {3}{G}{G} (You may cast this face down as a 2/2 creature for {3}. Turn it face up any time for its morph cost.)|When Thelonite Hermit is turned face up, put four 1/1 green Saproling creature tokens onto the battlefield.	1	1
Thick-Skinned Goblin	{1}{R}		Creature	Goblin,Shaman	You may pay {0} rather than pay the echo cost for permanents you control.|{R}: Thick-Skinned Goblin gains protection from red until end of turn.	2	1
Think Twice	{1}{U}		Instant		Draw a card.|Flashback {2}{U} (You may cast this card from your graveyard for its flashback cost. Then exile it.)		
Thrill of the Hunt	{G}		Instant		Target creature gets +1/+2 until end of turn.|Flashback {W} (You may cast this card from your graveyard for its flashback cost. Then exile it.)		
Thunder Totem	{3}		Artifact		{T}: Add {W} to your mana pool.|{1}{W}{W}: Thunder Totem becomes a 2/2 white Spirit artifact creature with flying and first strike until end of turn.		
Tivadar of Thorn	{1}{W}{W}	Legendary	Creature	Human,Knight	First strike, protection from red|When Tivadar of Thorn enters the battlefield, destroy target Goblin.	2	2
Tolarian Sentinel	{3}{U}		Creature	Human,Spellshaper	Flying|{U}, {T}, Discard a card: Return target permanent you control to its owner's hand.	1	3
Traitor's Clutch	{4}{B}		Instant		Target creature gets +1/+0, becomes black, and gains shadow until end of turn. (It can block or be blocked by only creatures with shadow.)|Flashback {1}{B} (You may cast this card from your graveyard for its flashback cost. Then exile it.)		
Trespasser il-Vec	{2}{B}		Creature	Human,Rogue	Discard a card: Trespasser il-Vec gains shadow until end of turn. (It can block or be blocked by only creatures with shadow.)	3	1
Trickbind	{1}{U}		Instant		Split second (As long as this spell is on the stack, players can't cast spells or activate abilities that aren't mana abilities.)|Counter target activated or triggered ability. If a permanent's ability is countered this way, activated abilities of that permanent can't be activated this turn. (Mana abilities can't be targeted.)		
Triskelavus	{7}		Artifact,Creature	Construct	Flying|Triskelavus enters the battlefield with three +1/+1 counters on it.|{1}, Remove a +1/+1 counter from Triskelavus: Put a 1/1 colorless Triskelavite artifact creature token with flying onto the battlefield. It has 'Sacrifice this creature: This creature deals 1 damage to target creature or player.'	1	1
Tromp the Domains	{5}{G}		Sorcery		Domain - Until end of turn, creatures you control gain trample and get +1/+1 for each basic land type among lands you control.		
Truth or Tale	{1}{U}		Instant		Reveal the top five cards of your library and separate them into two piles. An opponent chooses one of those piles. Put a card from the chosen pile into your hand, then put all other cards revealed this way on the bottom of your library in any order.		
Two-Headed Sliver	{1}{R}		Creature	Sliver	All Sliver creatures have 'This creature can't be blocked except by two or more creatures.'	1	1
Undying Rage	{2}{R}		Enchantment	Aura	Enchant creature|Enchanted creature gets +2/+2 and can't block.|When Undying Rage is put into a graveyard from the battlefield, return Undying Rage to its owner's hand.		
Unyaro Bees	{G}{G}{G}		Creature	Insect	Flying|{G}: Unyaro Bees gets +1/+1 until end of turn.|{3}{G}, Sacrifice Unyaro Bees: Unyaro Bees deals 2 damage to target creature or player.	0	1
Urborg Syphon-Mage	{2}{B}		Creature	Human,Spellshaper	{2}{B}, {T}, Discard a card: Each other player loses 2 life. You gain life equal to the life lost this way.	2	2
Urza's Factory			Land	Urza’s	{T}: Add {1} to your mana pool.|{7}, {T}: Put a 2/2 colorless Assembly-Worker artifact creature token onto the battlefield.		
Vampiric Sliver	{3}{B}		Creature	Sliver	All Sliver creatures have 'Whenever a creature dealt damage by this creature this turn dies, put a +1/+1 counter on this creature.'	3	3
Venser's Sliver	{5}		Artifact,Creature	Sliver		3	3
Verdant Embrace	{3}{G}{G}		Enchantment	Aura	Enchant creature|Enchanted creature gets +3/+3 and has 'At the beginning of each upkeep, put a 1/1 green Saproling creature token onto the battlefield.'		
Vesuva			Land		You may have Vesuva enter the battlefield tapped as a copy of any land on the battlefield.		
Vesuvan Shapeshifter	{3}{U}{U}		Creature	Shapeshifter	As Vesuvan Shapeshifter enters the battlefield or is turned face up, you may choose another creature on the battlefield. If you do, until Vesuvan Shapeshifter is turned face down, it becomes a copy of that creature and gains 'At the beginning of your upkeep, you may turn this creature face down.'|Morph {1}{U} (You may cast this face down as a 2/2 creature for {3}. Turn it face up any time for its morph cost.)	0	0
Viashino Bladescout	{1}{R}{R}		Creature	Viashino,Scout	Flash (You may cast this spell any time you could cast an instant.)|When Viashino Bladescout enters the battlefield, target creature gains first strike until end of turn.	2	1
Viscerid Deepwalker	{4}{U}		Creature	Homarid,Warrior	{U}: Viscerid Deepwalker gets +1/+0 until end of turn.|Suspend 4-{U} (Rather than cast this card from your hand, you may pay {U} and exile it with four time counters on it. At the beginning of your upkeep, remove a time counter. When the last is removed, cast it without paying its mana cost. It has haste.)	2	3
Viscid Lemures	{4}{B}		Creature	Spirit	{0}: Viscid Lemures gets -1/-0 and gains swampwalk until end of turn.	4	3
Voidmage Husher	{3}{U}		Creature	Human,Wizard	Flash (You may cast this spell any time you could cast an instant.)|When Voidmage Husher enters the battlefield, counter target activated ability. (Mana abilities can't be targeted.)|Whenever you cast a spell, you may return Voidmage Husher to its owner's hand.	2	2
Volcanic Awakening	{4}{R}{R}		Sorcery		Destroy target land.|Storm (When you cast this spell, copy it for each spell cast before it this turn. You may choose new targets for the copies.)		
Walk the Aeons	{4}{U}{U}		Sorcery		Buyback-Sacrifice three Islands. (You may sacrifice three Islands in addition to any other costs as you cast this spell. If you do, put this card into your hand as it resolves.)|Target player takes an extra turn after this one.		
Watcher Sliver	{3}{W}		Creature	Sliver	All Sliver creatures get +0/+2.	2	2
Weathered Bodyguards	{5}{W}		Creature	Human,Soldier	As long as Weathered Bodyguards is untapped, all combat damage that would be dealt to you by unblocked creatures is dealt to Weathered Bodyguards instead.|Morph {3}{W} (You may cast this face down as a 2/2 creature for {3}. Turn it face up any time for its morph cost.)	2	5
Weatherseed Totem	{3}		Artifact		{T}: Add {G} to your mana pool.|{2}{G}{G}{G}: Weatherseed Totem becomes a 5/3 green Treefolk artifact creature with trample until end of turn.|When Weatherseed Totem is put into a graveyard from the battlefield, if it was a creature, return this card to its owner's hand.		
Wheel of Fate			Sorcery		Suspend 4-{1}{R} (Rather than cast this card from your hand, pay {1}{R} and exile it with four time counters on it. At the beginning of your upkeep, remove a time counter. When the last is removed, cast it without paying its mana cost.)|Each player discards his or her hand, then draws seven cards.		
Wipe Away	{1}{U}{U}		Instant		Split second (As long as this spell is on the stack, players can't cast spells or activate abilities that aren't mana abilities.)|Return target permanent to its owner's hand.		
Word of Seizing	{3}{R}{R}		Instant		Split second (As long as this spell is on the stack, players can't cast spells or activate abilities that aren't mana abilities.)|Untap target permanent and gain control of it until end of turn. It gains haste until end of turn.		
Wormwood Dryad	{2}{G}		Creature	Dryad	{G}: Wormwood Dryad gains forestwalk until end of turn and deals 1 damage to you.|{B}: Wormwood Dryad gains swampwalk until end of turn and deals 1 damage to you.	3	1
Wurmcalling	{X}{G}		Sorcery		Buyback {2}{G} (You may pay an additional {2}{G} as you cast this spell. If you do, put this card into your hand as it resolves.)|Put an X/X green Wurm creature token onto the battlefield.		
Yavimaya Dryad	{1}{G}{G}		Creature	Dryad	Forestwalk|When Yavimaya Dryad enters the battlefield, you may search your library for a Forest card and put it onto the battlefield tapped under target player's control. If you do, shuffle your library.	2	1
Zealot il-Vec	{2}{W}		Creature	Human,Rebel	Shadow (This creature can block or be blocked by only creatures with shadow.)|Whenever Zealot il-Vec attacks and isn't blocked, you may have it deal 1 damage to target creature. If you do, prevent all combat damage Zealot il-Vec would deal this turn.	1	1
